Kit Name,Product ID,Quantity,,,,
Nintendo Wii Console -1 - White- KIT,Nintendo Wii Console - White,1,,,,
,Wii Remote Control - White,1,,,,
,Wii Nunchuck - White,1,,,,
,Wii Sensor Bar,1,,,,
,Wii AC Adapter,1,,,,
,Wii AV Cable,1,,,,
,Bubble Bags,1,,,,
,Small Boxes,1,,,,
,MasterPack 10,0.125,,,,
Nintendo Wii Console - 2 - White - KIT,Nintendo Wii Console - White,1,,,,
,Wii Remote Control - White,2,,,,
,Wii Nunchuck - White,2,,,,
,Wii Sensor Bar,1,,,,
,Wii AC Adapter,1,,,,
,Wii AV Cable,1,,,,
,Wii Remote Charging Dock -White,1,,,,
,Bubble Bags,1,,,,
,Small Boxes,1,,,,
,MasterPack 10,0.125,,,,
Nintendo Wii Console - 2 - Black - Kit,Nintendo Wii Console - Black,1,,,,
,Wii Remote Control - Black,2,,,,
,Wii Nunchuck - Black,2,,,,
,Wii Sensor Bar,1,,,,
,Wii AC Adapter,1,,,,
,Wii AV Cable,1,,,,
,Wii Remote Charging Dock - Black,1,,,,
,Bubble Bags,1,,,,
,Small Boxes,1,,,,
,MasterPack 10,0.125,,,,
Sony Playstation 2 Slim Wired - Black - Kit,PS2 Slim Console Only - Black,1,,,,
,PS2 Controller Generic - Black,1,,,,
,PS2 AC Adapter,1,,,,
,PS2 AV Cables,1,,,,
,Bubble Bags,1,,,,
,Small Boxes,1,,,,
,MasterPack 14,0.072,,,,
Sony Playstation 2 Slim Wireless - Black - Kit,PS2 Slim Console Only - Black,1,,,,
,PS2 Controller Wireless Generic - Black,2,,,,
,PS2 AC Adapter,1,,,,
,PS2 AV Cables,1,,,,
,Bubble Bags,1,,,,
,Small Boxes,1,,,,
,MasterPack 14,0.072,,,,
Sony Playstation 2 Fat Wired - Black - Kit,PS2 Fat Console,1,,,,
,PS2 Controller Wired Generic - Black,1,,,,
,PS2 AC Adapter,1,,,,
,PS2 AV Cables,1,,,,
,Bubble Bags,1,,,,
,Small Boxes,1,,,,
,MasterPack 14,0.2,,,,
Sony Playstation 2 Fat Wireless - Black - Kit,PS2 Fat Console,1,,,,
,PS2 Controller Wireless Generic - Black,1,,,,
,PS2 AC Adapter,1,,,,
,PS2 AV Cables,1,,,,
,Bubble Bags,1,,,,
,Small Boxes,1,,,,
,MasterPack 12,0.2,,,,
Sony Playstation 3 Slim 160GB - Kit,PS3 Slim Console,1,,,,
,PS3 Controller Generic - Black,1,,,,
,PS3 160GB Hard Drive Generic,1,,,,
,PS3 Slim Hard Drive Caddy Generic,1,,,,
,Bubble Bags,1,,,,
,Small Boxes,1,,,,
,MasterPack 12,0.2,,,,
Sony Playstation 3 Super Slim - 500GB -Black - Kit,PS3 Super Slim 12GB,1,,,,
,PS3 Controller Generic - Black,1,,,,
,PS3 500GB Hard Drive Generic,1,,,,
,PS3 Super Slim Hard Drive Caddy Generic,1,,,,
,Bubble Bags,1,,,,
,Small Boxes,1,,,,
,MasterPack 12,0.17,,,,
Sony Playstation 3 Slim - 320GB - Black - Kit,PS3 Slim Console,1,,,,
Sony Playstation 3 Slim - 320GB - Black - Kit,PS3 Controller Generic - Black,1,,,,
,PS3 320GB Hard Drive Generic,1,,,,
,PS3 Slim Hard Drive Caddy Generic,,,,,
,Bubble Bags,1,,,,
,Small Boxes,1,,,,
,MasterPack 12,0.2,,,,
Sony Playstation 3 Super Slim - 12GB - Black - Kit,PS3 Super Slim 12GB,1,,,,
,PS3 Controller Generic - Black,1,,,,
,Bubble Bags,1,,,,
,Small Boxes,1,,,,
,MasterPack,0.15,,,,
Sony Playstation 4 - 500GB - Black - Kit,PS4 Console - Black,1,,,,
,PS4 500GB Hard Drive Generic,1,,,,
,PS4 Hard Drive Caddy Generic,1,,,,
,PS4 Controller Generic - Black,1,,,,
,Bubble Bags,1,,,,
,Small Boxes,1,,,,
,MasterPack 14,0.2,,,,
PS4 Slim 1TB Console - Kit,PS4 Slim 1TB Console,1,,,,
,PS4 Controller Generic - Black,1,,,,
,Bubble Bags,1,,,,
,Small Boxes,1,,,,
,MasterPack 12,0.2,,,,
Sony PSP 1000 - Black - Kit,Sony PSP 1000 - Black,1,,,,
,Sony PSP - Power Supply,1,,,,
,Bubble Bags,1,,,,
,Small Boxes,1,,,,
,MasterPack 12,0.04,,,,
PS3 Super Slim 250GB - Kit,PS3 Super Slim 250GB,1,,,,
,PS3 Controller Generic - Black,1,,,,
,Bubble Bags,1,,,,
,Small Boxes,1,,,,
,MasterPack 12,0.2,,,,
PS4 Original 500GB - Kit,PS4 Original 500GB Console - Black,1,,,,
,PS4 Generic Controller - Black,1,,,,
,HDMI Cable - 3FT,1,,,,
,2 Prong Cable - 3FT,1,,,,
,Micro USB Cable - 3FT,1,,,,
,Bubble Bags,1,,,,
,Small Boxes,1,,,,
,MasterPack 12,0.2,,,,
PS4 Slim 500GB - Kit,PS4 Slim 500 GB Console - Black,1,,,,
,PS4 Controller Generic - Black,1,,,,
,HDMI Cable - 3FT,1,,,,
,2 Prong Cable - 3FT,1,,,,
,Micro USB Cable - 3FT,1,,,,
,Bubble Bags,1,,,,
,Small Boxes,1,,,,
,MasterPack 12,0.2,,,,
PS4 Original 1TB - Black - Kit,PS4 Original 1TB Console - Black,1,,,,
,PS4 Controller Generic - Black,1,,,,
,Hdmi Cable - 3 FT,1,,,,
,2 Prong Cables,1,,,,
,Micro USB Cable - 3FT,1,,,,
,Bubble Bags,1,,,,
,Small Boxes,1,,,,
,MasterPack 12,0.2,,,,
Sony Playstation 3 Super Slim - 500GB -Black - Kit,PS3 Super Slim 12GB,1,,,,
,PS3 Controller Generic - Black,1,,,,
,PS3 500GB Hard Drive Generic,1,,,,
,PS3 Super Slim Hard Drive Caddy Generic,1,,,,
,2 Prong Cables,1,,,,
,Hdmi Cable - 3 FT,1,,,,
,Bubble Bags,1,,,,
,Small Boxes,1,,,,
,MasterPack 12,0.2,,,,
Nintendo N64 Kit,Nintendo 64 AV Cable,1,,,,
,Nintendo 64 Console Only,1,,,,
,Nintendo 64 Controller - Gray,1,,,,
,Nintendo 64 Power Adapter,1,,,,
,Bubble Bags,1,,,,
,Small Boxes,1,,,,
,MasterPack 14,0.125,,,,
Playstation 4 Pro 1TB - Kit,PS4 Pro 1TB Console - Black,1,,,,
Playstation 4 Pro 1TB - Kit,PS4 Controller Generic - Black,1,,,,
Playstation 4 Pro 1TB - Kit,Hdmi Cable - 3 FT,1,,,,
Playstation 4 Pro 1TB - Kit,2 Prong Cables,1,,,,
Playstation 4 Pro 1TB - Kit,Micro USB Cable - 3FT,1,,,,
,Bubble Bags,1,,,,
,Small Boxes,1,,,,
,MasterPack 14,0.25,,,,
PS3 Slim 250GB - Kit,PS3 Slim Console,1,,,,
PS3 Slim 250GB - Kit,PS3 Controller Generic - Black,1,,,,
PS3 Slim 250GB - Kit,Hdmi Cable - 3 FT,1,,,,
PS3 Slim 250GB - Kit,2 Prong Cables,1,,,,
PS3 Slim 250GB - Kit,Micro USB Cable - 3FT,1,,,,
,Bubble Bags,1,,,,
,Small Boxes,1,,,,
,MasterPack 12,0.2,,,,
PS4 Original 750GB - Kit,PS4 Original 750GB Console - Black,1,,,,
,PS4 Controller Generic - Black,1,,,,
,Hdmi Cable - 3 FT,1,,,,
,2 Prong Cables,1,,,,
,Micro USB Cable - 3FT,1,,,,
,Bubble Bags,1,,,,
,Small Boxes,1,,,,
,MasterPack 14,0.25,,,,
PS3 Controller OEM - Black,Mini USB Cable for PS3,1,,,,
,PS3 Controller OEM - Black,1,,,,
,Bubble Bags,1,,,,
,Small Boxes,1,,,,
,MasterPack 14,0.01923,,,,
PS3 Controller OEM - Blue,Mini USB Cable for PS3,1,,,,
,PS3 Controller OEM - Blue,1,,,,
,Bubble Bags,1,,,,
,Small Boxes,1,,,,
,MasterPack 14,0.01923,,,,
Nintendo NES - Kit - Gray,Nintendo NES Console Gray,1,,,,
,Nintendo NES OEM Controller,1,,,,
,Nintendo NES OEM Zapper Gun,1,,,,
,Bubble Bags,1,,,,
,Small Boxes,1,,,,
,MasterPack 14,1,,,,
Nintendo Switch Dock Set - New,Nintendo Switch Charging Dock,1,,,,
,Nintendo Switch Power Adapter OEM,1,,,,
,Hdmi Cable - 3 FT,1,,,,
,Bubble Bags,1,,,,
,Small Boxes,1,,,,
,MasterPack 14,1,,,,
PS3 Original 80GB kit,PS3 Original 80GB,1,,,,
,PS3 Controller Generic - Black,1,,,,
,Hdmi Cable - 3 FT,1,,,,
,2 Prong Cables,1,,,,
,Mini USB Cable for PS3,1,,,,
,Bubble Bags,1,,,,
,Small Boxes,1,,,,
,MasterPack 14,0.25,,,,
Nintendo Wii Console - 3 - White - KIT,Nintendo Wii Console - White,1,,,,
,Wii Remote Control - White,2,,,,
,Wii Nunchuck - White,2,,,,
,Wii Sensor Bar,1,,,,
,Wii AC Adapter,1,,,,
,Wii AV Cable,1,,,,
,Wii Remote Charging Dock -White,1,,,,
,Bubble Bags,1,,,,
,Small Boxes,1,,,,
,MasterPack 10,0.125,,,,
Nintendo Switch Lite - Gray Kit,Nintendo Switch Lite - Gray,1,,,,
,Nintendo Switch Lite Power Adapter,1,,,,
,Bubble Bags,1,,,,
,Small Boxes,1,,,,
,MasterPack 14,0.023809,,,,
Nintendo Switch Lite - Blue Kit,Nintendo Switch Lite - Blue,1,,,,
,Nintendo Switch Lite Power Adapter,1,,,,
,Bubble Bags,1,,,,
,Small Boxes,1,,,,
,MasterPack 14,1,,,,
Nintendo Switch Lite - Coral Kit,Nintendo Switch Lite - Lite Coral,1,,,,
,Nintendo Switch Lite Power Adapter,1,,,,
,Bubble Bags,1,,,,
,Small Boxes,1,,,,
,MasterPack 14,0.066,,,,
Nintendo Switch Lite - Turquoise Kit,Nintendo Switch Lite - Turquoise,1,,,,
,Nintendo Switch Lite Power Adapter,1,,,,
,Bubble Bags,1,,,,
,Small Boxes,1,,,,
,MasterPack 14,0.066,,,,
Nintendo Switch Lite - Yellow Kit,Nintendo Switch Lite - Yellow,1,,,,
,Nintendo Switch Lite Power Adapter,1,,,,
,Bubble Bags,1,,,,
,Small Boxes,1,,,,
,MasterPack 14,0.066,,,,
GameCube Kit - Silver,Nintendo GameCube Console - Silver,1,,,,
,Nintendo GameCube Controller - Silver,1,,,,
,Nintendo GameCube AV Cable,1,,,,
,Nintendo GameCube AC Adapter,1,,,,
,Bubble Bags,1,,,,
,Small Boxes,1,,,,
,MasterPack 14,1,,,,
Sony Playstation 2 Slim Wired - Silver - Kit,PS2 Slim Console Only - Silver,1,,,,
,PS2 Controller Wired Generic - Silver,1,,,,
,PS2 AC Adapter,1,,,,
,PS2 AV Cables,1,,,,
,Bubble Bags,1,,,,
,Small Boxes,1,,,,
,MasterPack 14,0.714,,,,
Nintendo Wii Console 1 - Red - KIT,Nintendo Wii Console - Red,1,,,,
,Wii Remote Control - Red,1,,,,
,Wii Nunchuck - Red,1,,,,
,Wii Sensor Bar,1,,,,
,Wii AC Adapter,1,,,,
,Wii AV Cable,1,,,,
,Bubble Bags,1,,,,
,Small Boxes,1,,,,
,MasterPack 10,0.125,,,,
Sony Playstation 2 Slim Wireless - Black - Kit,PS2 Slim Console Only - Black,1,,,,
,PS2 Controller Wireless Generic - Black,2,,,,
,PS2 AC Adapter,1,,,,
,PS2 AV Cables,1,,,,
,Bubble Bags,1,,,,
,Small Boxes,1,,,,
,MasterPack 14,0.07142,,,,
PS3 Original 160GB - Kit,PS3 Original 160GB,1,,,,
,PS3 Controller Generic - Black,1,,,,
,Hdmi Cable - 3 FT,1,,,,
,2 Prong Cables,1,,,,
,Mini USB Cable for PS3,1,,,,
,Bubble Bags,1,,,,
,Small Boxes,1,,,,
,MasterPack 14,0.25,,,,
Nintendo N64 Kit - 2,Nintendo 64 Console Only,1,,,,
,Nintendo 64 Controller Blue,1,,,,
,Nintendo 64 Controller Red,1,,,,
,Nintendo 64 To HDMI Video Adapter,1,,,,
,Nintendo 64 Power Adapter,1,,,,
,Nintendo 64 Memory Card,1,,,,
,Bubble Bags,1,,,,
,Small Boxes,1,,,,
,MasterPack 14,0.125,,,,
Meta Oculus Quest 2 250GB Standalone VR Headset - White - Kit,Meta Oculus Quest 2 250GB Standalone VR Headset - White,1,,,,
,Meta Quest 2 OEM Controller Right,1,,,,
,Meta Quest 2 OEM Controller Left,1,,,,
,Bubble Bags,1,,,,
,Small Boxes,1,,,,
,MasterPack 10,0.1666,,,,
Meta Oculus Quest 3 512GB Standalone VR Headset - White - Kit,Meta Oculus Quest 3 512GB Standalone VR Headset - White,1,,,,
,Meta Quest 3 OEM Controller Right,1,,,,
,Meta Quest 3 OEM Controller Left,1,,,,
,Bubble Bags,1,,,,
,Small Boxes,1,,,,
,MasterPack 10,0.1666,,,,
Sony Playstation VR2 Headset - White - Kit,Sony Playstation VR2 Headset,1,,,,
,Sony Playstation VR2 OEM Controller - Right,1,,,,
,Sony Playstation VR2 OEM Controller - Left,1,,,,
,Bubble Bags,1,,,,
,Small Boxes,1,,,,
,MasterPack 10,0.1666,,,,
Sony Playstation VR2 Headset - White - Kit - Horizon Digital Game,Sony Playstation VR2 Headset,1,,,,
,Sony Playstation VR2 OEM Controller - Right,1,,,,
,Sony Playstation VR2 OEM Controller - Left,1,,,,
,Horizon VR Call of The Mountain Game Digital,1,,,,
,Bubble Bags,1,,,,
,Small Boxes,1,,,,
,MasterPack 10,0.1666,,,,
PS2 Fat Kit 2,PS2 Fat Console,1,,,,
,Playstation 2 Wireless Controller,2,,,,
,PS2 AC Adapter,1,,,,
,PS2 AV Cables,1,,,,
,Bubble Bags,1,,,,
,Small Boxes,1,,,,
,MasterPack 10,0.2,,,,
PS4 Kit 2,PS4 500GB Console,1,,,,
,PS4 Controller Generic - Black,1,,,,
,Hdmi Cable - 3 FT,1,,,,
,2 Prong Cables,1,,,,
,Micro USB Cable - 3FT,1,,,,
,Playstation 4 Headset,1,,,,
,Playstation 4 Controller Charging Dock,1,,,,
,Bubble Bags,1,,,,
,Small Boxes,1,,,,
,MasterPack 14,0.2,,,,
PS4 Pro 1TB White - Kit,PS4 Pro 1TB Console - White,1,,,,
,PS4 Controller Generic - White,1,,,,
,Hdmi Cable - 3 FT,1,,,,
,2 Prong Cables,1,,,,
,Micro USB Cable - 3FT,1,,,,
,Bubble Bags,1,,,,
,Small Boxes,1,,,,
,MasterPack 14,0.2,,,,
PS4 500GB White - Kit,PS4 500GB Console,1,,,,
,PS4 Controller Generic - White,1,,,,
,Hdmi Cable - 3 FT,1,,,,
,2 Prong Cables,1,,,,
,Micro USB Cable - 3FT,1,,,,
,Bubble Bags,1,,,,
,Small Boxes,1,,,,
,MasterPack 14,0.2,,,,
Google Nest Camera Gen 2 Battery - Kit,Google Nest Camera Gen 2 Battery,2,,,,
,Bubble Bags,1,,,,
,Small Boxes,1,,,,
,MasterPack 14,0.0714,,,,
GameCube Kit - Black,Nintendo GameCube Console - Black,1,,,,
,Nintendo GameCube Controller - Black,1,,,,
,Nintendo GameCube AV Cable,1,,,,
,Nintendo GameCube AC Adapter,1,,,,
,Bubble Bags,1,,,,
,Small Boxes,1,,,,
,MasterPack 10,0.2,,,,
Xbox One X 1TB Kit - White,Xbox One X 1TB Console - White,1,,,,
,Xbox One OEM Controller - White,1,,,,
,Hdmi Cable - 3 FT,1,,,,
,2 Prong Cables,1,,,,
,Bubble Bags,1,,,,
,Small Boxes,1,,,,
,MasterPack 14,1,,,,
Xbox One 500GB - Kit - Black,Xbox One 500GB - Black,1,,,,
,Xbox One AC Adapter,1,,,,
,Xbox One OEM Controller - Black,1,,,,
,Universal Cable,1,,,,
,Hdmi Cable - 3 FT,1,,,,
,Bubble Bags,1,,,,
,Small Boxes,1,,,,
,MasterPack 14,0.25,,,,
Xbox 360 250GB Slim Black - Kit,Microsoft XBOX 360 250GB Slim Console,1,,,,
,Xbox 360 Slim AC Power,1,,,,
,Xbox 360 OEM Controller - Black,1,,,,
,Universal Cable,1,,,,
,Hdmi Cable - 3 FT,1,,,,
,Bubble Bags,1,,,,
,Small Boxes,1,,,,
,MasterPack 12,0.25,,,,
Xbox One S 1TB White - Kit,Xbox One S White Digital - 1TB,1,,,,
,2 Prong Cables,1,,,,
,Xbox One OEM Controller - Black,1,,,,
,Hdmi Cable - 3 FT,1,,,,
,Bubble Bags,1,,,,
,Small Boxes,1,,,,
,MasterPack 12,0.25,,,,
Xbox One S 500GB White - Kit,Xbox One S Console 500GB - White,1,,,,
,2 Prong Cables,1,,,,
,Xbox One OEM Controller - Black,1,,,,
,Hdmi Cable - 3 FT,1,,,,
,Bubble Bags,1,,,,
,Small Boxes,1,,,,
,MasterPack 12,0.25,,,,
Xbox One White 500GB - Kit,Xbox One Console 500GB - White,1,,,,
,2 Prong Cables,1,,,,
,Xbox One OEM Controller - Black,1,,,,
,Hdmi Cable - 3 FT,1,,,,
,Bubble Bags,1,,,,
,Small Boxes,1,,,,
,MasterPack 14,0.25,,,,
Xbox One Black 1TB - Kit,Xbox One X Console - Black 1TB,1,,,,
,2 Prong Cables,1,,,,
,Xbox One OEM Controller - Black,1,,,,
,Hdmi Cable - 3 FT,1,,,,
,Bubble Bags,1,,,,
,Small Boxes,1,,,,
,MasterPack 14,0.25,,,,
Xbox 360 E 250GB - Kit,Xbox 360 E 250GB - Black,1,,,,
,Xbox 360E Charger,1,,,,
,Xbox 360 OEM Controller - Black,1,,,,
,Universal Cable,1,,,,
,Hdmi Cable - 3 FT,1,,,,
,Bubble Bags,1,,,,
,Small Boxes,1,,,,
,MasterPack 12,0.25,,,,
Xbox 360 Elite 120GB - Black Kit,XBOX 360 ELITE 120 GB - Black,1,,,,
,Xbox 360 Elite 120GB hard drive,1,,,,
,Xbox 360 OEM Controller - Black,1,,,,
,Hdmi Cable - 3 FT,1,,,,
,Universal Cable,1,,,,
,Xbox 360 Power Supply,1,,,,
,Bubble Bags,1,,,,
,Small Boxes,1,,,,
,MasterPack 14,0.25,,,,
Xbox Elite 2 Controller Black - KIT,Microsoft - Xbox Elite Series 2 Complete Component Pack - Black,1,,,,
,Xbox Elite 2 Buttons Black,1,,,,
,Xbox Elite 2 Series OEM Controller - Black,1,,,,
,Bubble Bags,1,,,,
,Small Boxes,1,,,,
,MasterPack 14,0.05,,,,
Meta Oculus Quest 2 128GB Standalone VR Headset - White - KIT,Meta Oculus Quest 2 128GB Standalone VR Headset - White,1,,,,
,Meta Quest 2 OEM Controller Right,1,,,,
,Meta Quest 2 OEM Controller Left,1,,,,
,Head Strap For MetaQuest 2,1,,,,
,Wrist Strap for MetaQuest 2,1,,,,
,Face Pad For MetaQuest 2,1,,,,
,EyeGlass Space For MetaQuest 2,1,,,,
,USB to USBC cables,1,,,,
,Bubble Bags,1,,,,
,Small Boxes,1,,,,
,MasterPack 10,0.16666,,,,
